{
    "timestamp": "2026-07-07T13:01:54.005184",
    "results": {
        "candidates": {
            "Yes": {
                "change": -2124,
                "votes": 0,
                "batch_percent": 0.5001177301624676
            },
            "No": {
                "change": -2123,
                "votes": 0,
                "batch_percent": 0.49988226983753237
            }
        },
        "batch": {
            "total": -4247,
            "winner": "No",
            "margin_votes": 1,
            "margin_percent": -0.0002354603249352484
        }
    },
    "has_changes": true,
    "has_counties": false,
    "first_run": false
}