{
    "timestamp": "2026-07-09T22:09:21.735205",
    "results": {
        "candidates": {
            "Victor Marx": {
                "change": 206330,
                "votes": 206330,
                "batch_percent": 0.3982812503016112
            },
            "Barb Kirkmeyer": {
                "change": 204310,
                "votes": 204310,
                "batch_percent": 0.3943820203030204
            },
            "Scott Bottoms": {
                "change": 107411,
                "votes": 107411,
                "batch_percent": 0.2073367293953684
            }
        },
        "batch": {
            "total": 518051,
            "winner": "Victor Marx",
            "margin_votes": 2020,
            "margin_percent": 0.0038992299985908725
        }
    },
    "has_changes": true,
    "has_counties": false,
    "first_run": false
}